{
"$sc-color-primary": "#EE202F",
"$sc-color-secondary": "#3A3A3A",
"$sc-neutral-shade": "#3A3A3A",
"$sc-color-theme": "#EFEFEF",
"$sc-color-theme-header": "#3A3A3A",
"$sc-body-background": "#F6F6F6",
"$sc-color-theme-background": "#E9E9E9",
"$sc-color-theme-background-lightest": "#D0D0D0",
"$sc-color-theme-border": "#C3C3C3",
"$sc-color-success": "#097839",
"$sc-color-info": "#3A3A3A",
"$sc-color-error-background": "#FDF0F2",
"$sc-color-error-border": "#F1CED1",
"$sc-color-link": "#EE202F",
"$sc-color-link-hover": "#BB202B",
"$sc-color-link-active": "#833E43",
"$sc-color-copy": "#3A3A3A",
"$sc-color-theme-top-header-background-color": "#EFEFEF",
"$sc-button-primary-text-color": "white",
"$sc-button-primary-hover-text-color": "white",
"$sc-button-primary-active-text-color": "white",
"$sc-button-primary-disable-text-color": "white",
"$sc-button-primary-disable-background-color": "#EF858D",
"$sc-footer-text-color": "#828181",
"$sc-footer-headings-color": "#3A3A3A",
"$sc-footer-link-color": "#828181",
"$sc-footer-link-color-hover": "#3A3A3A",
"$sc-footer-link-color-active": "#3A3A3A",
"$sc-footer-lower-background-color": "#EFEFEF",
"$sc-footer-buttons-background-color": "#EE202F",
"$sc-footer-buttons-text-color": "white",
"$sc-header-link-text-color": "#3A3A3A",
"$sc-header-link-hover-text-color": "#BB202B",
"$sc-header-link-active-text-color": "#BB202B",
"$sc-header-cart-link-text-color": "#3A3A3A",
"$sc-header-cart-link-text-color-hover": "#BB202B",
"$sc-header-cart-link-text-color-active": "#3A3A3A",
"$sc-mobile-header-icon-color": "#3A3A3A",
"$sc-mobile-header-icon-active-color": "white",
"$sc-theme-carousel-button-text-color": "white",
"$sc-theme-carousel-button-bgr-color": "#EE202F",
"$sc-theme-carousel-button-bgr-hover-color": "#3A3A3A",
"$sc-theme-home-top-promo-background-color": "#EFEFEF",
"$sc-theme-home-top-promo-text-color": "#3A3A3A",
"$sc-theme-infoblock-title-underline-color": "#EE202F",
"$sc-theme-infoblock-title-underline-hover-color": "white",
"$sc-main-navigation-background-color": "white",
"$sc-main-navigation-link-hover-color": "#EE202F",
"$sc-main-navigation-link-active-color": "#EE202F",
"$sc-search-icon-color": "#EE202F",
"$sc-search-icon-color-hover": "#031528",
"$sc-theme-desktop-padding": "60px"
}
