{
"$sc-color-primary": "#81B550",
"$sc-color-secondary": "#72D0E3",
"$sc-neutral-shade": "#3A3A3A",
"$sc-color-theme": "#C3C3C3",
"$sc-color-theme-header": "#81B550",
"$sc-body-background": "#FFFFFF",
"$sc-color-theme-background": "#F2F2F2",
"$sc-color-theme-background-lightest": "#D9D9D9",
"$sc-color-theme-border": "#CCCCCC",
"$sc-color-success": "#3A3A3A",
"$sc-color-info": "#72D0E3",
"$sc-color-error-background": "white",
"$sc-color-error-border": "white",
"$sc-color-link": "#81B550",
"$sc-color-link-hover": "#68844E",
"$sc-color-link-active": "#5C5C5C",
"$sc-color-copy": "#3A3A3A",
"$sc-color-theme-top-header-background-color": "#72D0E3",
"$sc-button-primary-text-color": "white",
"$sc-button-primary-hover-text-color": "white",
"$sc-button-primary-active-text-color": "white",
"$sc-button-primary-disable-text-color": "white",
"$sc-button-primary-disable-background-color": "#B5CD9E",
"$sc-footer-text-color": "white",
"$sc-footer-headings-color": "white",
"$sc-footer-link-color": "white",
"$sc-footer-link-color-hover": "#3A3A3A",
"$sc-footer-link-color-active": "#3A3A3A",
"$sc-footer-lower-background-color": "#72D0E3",
"$sc-footer-buttons-background-color": "#81B550",
"$sc-footer-buttons-text-color": "white",
"$sc-header-link-text-color": "white",
"$sc-header-link-hover-text-color": "#68844E",
"$sc-header-link-active-text-color": "#68844E",
"$sc-header-cart-link-text-color": "white",
"$sc-header-cart-link-text-color-hover": "#68844E",
"$sc-header-cart-link-text-color-active": "#3A3A3A",
"$sc-mobile-header-icon-color": "white",
"$sc-mobile-header-icon-active-color": "white",
"$sc-theme-carousel-button-text-color": "white",
"$sc-theme-carousel-button-bgr-color": "#81B550",
"$sc-theme-carousel-button-bgr-hover-color": "#72D0E3",
"$sc-theme-home-top-promo-background-color": "#72D0E3",
"$sc-theme-home-top-promo-text-color": "white",
"$sc-theme-infoblock-title-underline-color": "#81B550",
"$sc-theme-infoblock-title-underline-hover-color": "white",
"$sc-main-navigation-background-color": "#F6F6F6",
"$sc-main-navigation-link-hover-color": "#81B550",
"$sc-main-navigation-link-active-color": "#81B550",
"$sc-search-icon-color": "#81B550",
"$sc-search-icon-color-hover": "#3A3A3A",
"$sc-theme-desktop-padding": "0px"
}
