{
"$sc-color-primary": "#52BAD5",
"$sc-color-secondary": "#3A3A3A",
"$sc-neutral-shade": "#3A3A3A",
"$sc-color-theme": "#EEEEEE",
"$sc-color-theme-header": "#3A3A3A",
"$sc-body-background": "#FFFFFF",
"$sc-color-theme-background": "#F2F2F2",
"$sc-color-theme-background-lightest": "#D9D9D9",
"$sc-color-theme-border": "#CCCCCC",
"$sc-color-success": "#097839",
"$sc-color-info": "#f06543",
"$sc-color-error-background": "#FDF0F2",
"$sc-color-error-border": "#F1CED1",
"$sc-color-link": "#52BAD5",
"$sc-color-link-hover": "#429BB2",
"$sc-color-link-active": "#617479",
"$sc-color-copy": "#3A3A3A",
"$sc-color-theme-top-header-background-color": "white",
"$sc-button-primary-text-color": "white",
"$sc-button-primary-hover-text-color": "white",
"$sc-button-primary-active-text-color": "white",
"$sc-button-primary-disable-text-color": "white",
"$sc-button-primary-disable-background-color": "#A9D8E4",
"$sc-footer-text-color": "#828181",
"$sc-footer-headings-color": "white",
"$sc-footer-link-color": "#828181",
"$sc-footer-link-color-hover": "white",
"$sc-footer-link-color-active": "white",
"$sc-footer-lower-background-color": "black",
"$sc-footer-buttons-background-color": "#52BAD5",
"$sc-footer-buttons-text-color": "white",
"$sc-header-link-text-color": "#3A3A3A",
"$sc-header-link-hover-text-color": "#429BB2",
"$sc-header-link-active-text-color": "#429BB2",
"$sc-header-cart-link-text-color": "#3A3A3A",
"$sc-header-cart-link-text-color-hover": "#52BAD5",
"$sc-header-cart-link-text-color-active": "#3A3A3A",
"$sc-mobile-header-icon-color": "#3A3A3A",
"$sc-mobile-header-icon-active-color": "#3A3A3A",
"$sc-theme-carousel-button-text-color": "white",
"$sc-theme-carousel-button-bgr-color": "#52BAD5",
"$sc-theme-carousel-button-bgr-hover-color": "#3A3A3A",
"$sc-theme-home-top-promo-background-color": "#3A3A3A",
"$sc-theme-home-top-promo-text-color": "#52BAD5",
"$sc-theme-infoblock-title-underline-color": "#52BAD5",
"$sc-theme-infoblock-title-underline-hover-color": "#3A3A3A",
"$sc-main-navigation-background-color": "#F8F8F8",
"$sc-main-navigation-link-hover-color": "#52BAD5",
"$sc-main-navigation-link-active-color": "#52BAD5",
"$sc-search-icon-color": "#3A3A3A",
"$sc-search-icon-color-hover": "#52BAD5",
"$sc-theme-desktop-padding": "0px"
}
