{
"$sc-color-primary": "#A5E0C3",
"$sc-color-secondary": "#6098A2",
"$sc-neutral-shade": "#3A3A3A",
"$sc-color-theme": "#C3C3C3",
"$sc-color-theme-header": "#A5E0C3",
"$sc-body-background": "#FFFFFF",
"$sc-color-theme-background": "#F2F2F2",
"$sc-color-theme-background-lightest": "#D9D9D9",
"$sc-color-theme-border": "#CCCCCC",
"$sc-color-success": "#097839",
"$sc-color-info": "#6098A2",
"$sc-color-error-background": "#FDF0F2",
"$sc-color-error-border": "#F1CED1",
"$sc-color-link": "#A5E0C3",
"$sc-color-link-hover": "#8CC6A9",
"$sc-color-link-active": "#9C9C9C",
"$sc-color-copy": "#3A3A3A",
"$sc-color-theme-top-header-background-color": "#EEEEEE",
"$sc-button-primary-text-color": "#3A3A3A",
"$sc-button-primary-hover-text-color": "#3A3A3A",
"$sc-button-primary-active-text-color": "#3A3A3A",
"$sc-button-primary-disable-text-color": "#3A3A3A",
"$sc-button-primary-disable-background-color": "white",
"$sc-footer-text-color": "#828181",
"$sc-footer-headings-color": "#3A3A3A",
"$sc-footer-link-color": "#828181",
"$sc-footer-link-color-hover": "#3A3A3A",
"$sc-footer-link-color-active": "#3A3A3A",
"$sc-footer-lower-background-color": "#C3C3C3",
"$sc-footer-buttons-background-color": "#A5E0C3",
"$sc-footer-buttons-text-color": "white",
"$sc-header-link-text-color": "#3A3A3A",
"$sc-header-link-hover-text-color": "#8CC6A9",
"$sc-header-link-active-text-color": "#8CC6A9",
"$sc-header-cart-link-text-color": "#3A3A3A",
"$sc-header-cart-link-text-color-hover": "#A5E0C3",
"$sc-header-cart-link-text-color-active": "#3A3A3A",
"$sc-mobile-header-icon-color": "#3A3A3A",
"$sc-mobile-header-icon-active-color": "#3A3A3A",
"$sc-theme-carousel-button-text-color": "#3A3A3A",
"$sc-theme-carousel-button-bgr-color": "#A5E0C3",
"$sc-theme-carousel-button-bgr-hover-color": "#6098A2",
"$sc-theme-home-top-promo-background-color": "#C3C3C3",
"$sc-theme-home-top-promo-text-color": "#3A3A3A",
"$sc-theme-infoblock-title-underline-color": "#A5E0C3",
"$sc-theme-infoblock-title-underline-hover-color": "white",
"$sc-main-navigation-background-color": "#F9F9F9",
"$sc-main-navigation-link-hover-color": "#A5E0C3",
"$sc-main-navigation-link-active-color": "#A5E0C3",
"$sc-search-icon-color": "#A5E0C3",
"$sc-search-icon-color-hover": "#3A3A3A",
"$sc-theme-desktop-padding": "0px"
}
